{
  "model_name": "gpt_oss_20b",
  "total_problems": 156,
  "generated": 156,
  "compiled": 102,
  "passed": 95,
  "failed_compilation": [
    "Prob042_vector4",
    "Prob045_edgedetect2",
    "Prob054_edgedetect",
    "Prob057_kmap2",
    "Prob060_m2014_q4k",
    "Prob068_countbcd",
    "Prob070_ece241_2013_q2",
    "Prob082_lfsr32",
    "Prob084_ece241_2013_q12",
    "Prob086_lfsr5",
    "Prob089_ece241_2014_q5a",
    "Prob091_2012_q2b",
    "Prob092_gatesv100",
    "Prob093_ece241_2014_q3",
    "Prob095_review2015_fsmshift",
    "Prob098_circuit7",
    "Prob099_m2014_q6c",
    "Prob102_circuit3",
    "Prob103_circuit2",
    "Prob113_2012_q1g",
    "Prob116_m2014_q3",
    "Prob117_circuit9",
    "Prob118_history_shift",
    "Prob120_fsm3s",
    "Prob122_kmap4",
    "Prob124_rule110",
    "Prob125_kmap3",
    "Prob128_fsm_ps2",
    "Prob129_ece241_2013_q8",
    "Prob131_mt2015_q4",
    "Prob133_2014_q3fsm",
    "Prob134_2014_q3c",
    "Prob135_m2014_q6b",
    "Prob136_m2014_q6",
    "Prob137_fsm_serial",
    "Prob138_2012_q2fsm",
    "Prob139_2013_q2bfsm",
    "Prob140_fsm_hdlc",
    "Prob141_count_clock",
    "Prob142_lemmings2",
    "Prob143_fsm_onehot",
    "Prob144_conwaylife",
    "Prob145_circuit8",
    "Prob146_fsm_serialdata",
    "Prob147_circuit10",
    "Prob148_2013_q2afsm",
    "Prob149_ece241_2013_q4",
    "Prob150_review2015_fsmonehot",
    "Prob151_review2015_fsm",
    "Prob152_lemmings3",
    "Prob153_gshare",
    "Prob154_fsm_ps2data",
    "Prob155_lemmings4",
    "Prob156_review2015_fancytimer"
  ],
  "failed_test": [
    "Prob053_m2014_q4d",
    "Prob062_bugs_mux2",
    "Prob063_review2015_shiftcount",
    "Prob066_edgecapture",
    "Prob104_mt2015_muxdff",
    "Prob115_shift18",
    "Prob127_lemmings1"
  ],
  "skipped_static_analysis": [],
  "compile_rate": 65.38461538461539,
  "pass_rate": 60.89743589743589
}