{
  "model_name": "glm_4_6",
  "total_problems": 156,
  "generated": 156,
  "compiled": 133,
  "passed": 111,
  "failed_compilation": [
    "Prob021_mux256to1v",
    "Prob043_vector5",
    "Prob057_kmap2",
    "Prob068_countbcd",
    "Prob086_lfsr5",
    "Prob093_ece241_2014_q3",
    "Prob109_fsm1",
    "Prob118_history_shift",
    "Prob124_rule110",
    "Prob125_kmap3",
    "Prob128_fsm_ps2",
    "Prob135_m2014_q6b",
    "Prob139_2013_q2bfsm",
    "Prob140_fsm_hdlc",
    "Prob141_count_clock",
    "Prob144_conwaylife",
    "Prob146_fsm_serialdata",
    "Prob147_circuit10",
    "Prob149_ece241_2013_q4",
    "Prob151_review2015_fsm",
    "Prob153_gshare",
    "Prob155_lemmings4",
    "Prob156_review2015_fancytimer"
  ],
  "failed_test": [
    "Prob053_m2014_q4d",
    "Prob054_edgedetect",
    "Prob062_bugs_mux2",
    "Prob063_review2015_shiftcount",
    "Prob070_ece241_2013_q2",
    "Prob074_ece241_2014_q4",
    "Prob082_lfsr32",
    "Prob089_ece241_2014_q5a",
    "Prob094_gatesv",
    "Prob102_circuit3",
    "Prob104_mt2015_muxdff",
    "Prob112_always_case2",
    "Prob113_2012_q1g",
    "Prob116_m2014_q3",
    "Prob117_circuit9",
    "Prob122_kmap4",
    "Prob127_lemmings1",
    "Prob133_2014_q3fsm",
    "Prob134_2014_q3c",
    "Prob137_fsm_serial",
    "Prob145_circuit8",
    "Prob152_lemmings3"
  ],
  "skipped_static_analysis": [],
  "compile_rate": 85.25641025641025,
  "pass_rate": 71.15384615384616
}