{
  "model_name": "deepseek_v3_2",
  "total_problems": 156,
  "generated": 153,
  "compiled": 90,
  "passed": 71,
  "failed_compilation": [
    "Prob001_zero",
    "Prob002_m2014_q4i",
    "Prob004_vector2",
    "Prob005_notgate",
    "Prob006_vectorr",
    "Prob007_wire",
    "Prob008_m2014_q4h",
    "Prob009_popcount3",
    "Prob010_mt2015_q4a",
    "Prob011_norgate",
    "Prob012_xnorgate",
    "Prob013_m2014_q4e",
    "Prob014_andgate",
    "Prob015_vector1",
    "Prob016_m2014_q4j",
    "Prob017_mux2to1v",
    "Prob018_mux256to1",
    "Prob019_m2014_q4f",
    "Prob020_mt2015_eq2",
    "Prob021_mux256to1v",
    "Prob022_mux2to1",
    "Prob025_reduction",
    "Prob026_alwaysblock1",
    "Prob028_m2014_q4a",
    "Prob030_popcount255",
    "Prob031_dff",
    "Prob034_dff8",
    "Prob036_ringer",
    "Prob042_vector4",
    "Prob048_m2014_q4c",
    "Prob049_m2014_q4b",
    "Prob050_kmap1",
    "Prob053_m2014_q4d",
    "Prob057_kmap2",
    "Prob068_countbcd",
    "Prob070_ece241_2013_q2",
    "Prob072_thermostat",
    "Prob074_ece241_2014_q4",
    "Prob084_ece241_2013_q12",
    "Prob088_ece241_2014_q5b",
    "Prob090_circuit1",
    "Prob091_2012_q2b",
    "Prob094_gatesv",
    "Prob096_review2015_fsmseq",
    "Prob102_circuit3",
    "Prob105_rotate100",
    "Prob116_m2014_q3",
    "Prob122_kmap4",
    "Prob123_bugs_addsubz",
    "Prob128_fsm_ps2",
    "Prob131_mt2015_q4",
    "Prob132_always_if2",
    "Prob133_2014_q3fsm",
    "Prob136_m2014_q6",
    "Prob140_fsm_hdlc",
    "Prob142_lemmings2",
    "Prob147_circuit10",
    "Prob148_2013_q2afsm",
    "Prob149_ece241_2013_q4",
    "Prob150_review2015_fsmonehot",
    "Prob151_review2015_fsm",
    "Prob155_lemmings4",
    "Prob156_review2015_fancytimer"
  ],
  "failed_test": [
    "Prob062_bugs_mux2",
    "Prob066_edgecapture",
    "Prob082_lfsr32",
    "Prob086_lfsr5",
    "Prob089_ece241_2014_q5a",
    "Prob093_ece241_2014_q3",
    "Prob099_m2014_q6c",
    "Prob104_mt2015_muxdff",
    "Prob112_always_case2",
    "Prob113_2012_q1g",
    "Prob125_kmap3",
    "Prob129_ece241_2013_q8",
    "Prob135_m2014_q6b",
    "Prob137_fsm_serial",
    "Prob139_2013_q2bfsm",
    "Prob141_count_clock",
    "Prob145_circuit8",
    "Prob146_fsm_serialdata",
    "Prob153_gshare"
  ],
  "skipped_static_analysis": [],
  "compile_rate": 57.692307692307686,
  "pass_rate": 45.51282051282051
}