{
  "model_name": "deepseek-v3.2",
  "total_problems": 156,
  "generated": 156,
  "compiled": 136,
  "passed": 112,
  "failed_compilation": [
    "Prob002_m2014_q4i",
    "Prob011_norgate",
    "Prob013_m2014_q4e",
    "Prob017_mux2to1v",
    "Prob018_mux256to1",
    "Prob019_m2014_q4f",
    "Prob021_mux256to1v",
    "Prob028_m2014_q4a",
    "Prob042_vector4",
    "Prob050_kmap1",
    "Prob070_ece241_2013_q2",
    "Prob088_ece241_2014_q5b",
    "Prob089_ece241_2014_q5a",
    "Prob101_circuit4",
    "Prob122_kmap4",
    "Prob125_kmap3",
    "Prob144_conwaylife",
    "Prob147_circuit10",
    "Prob151_review2015_fsm",
    "Prob156_review2015_fancytimer"
  ],
  "failed_test": [
    "Prob057_kmap2",
    "Prob062_bugs_mux2",
    "Prob066_edgecapture",
    "Prob086_lfsr5",
    "Prob091_2012_q2b",
    "Prob093_ece241_2014_q3",
    "Prob104_mt2015_muxdff",
    "Prob112_always_case2",
    "Prob113_2012_q1g",
    "Prob116_m2014_q3",
    "Prob124_rule110",
    "Prob128_fsm_ps2",
    "Prob133_2014_q3fsm",
    "Prob134_2014_q3c",
    "Prob135_m2014_q6b",
    "Prob136_m2014_q6",
    "Prob139_2013_q2bfsm",
    "Prob140_fsm_hdlc",
    "Prob141_count_clock",
    "Prob145_circuit8",
    "Prob146_fsm_serialdata",
    "Prob149_ece241_2013_q4",
    "Prob153_gshare",
    "Prob155_lemmings4"
  ],
  "skipped_static_analysis": [],
  "compile_rate": 87.17948717948718,
  "pass_rate": 71.7948717948718,
  "iterative_mode": true,
  "iteration_stats": {
    "improved_by_compile_iteration": 45,
    "improved_by_test_iteration": 3,
    "total_compile_attempts": 244,
    "total_test_attempts": 80
  }
}