{
  "model_name": "deepseek_v3_2",
  "total_problems": 156,
  "generated": 156,
  "compiled": 92,
  "passed": 76,
  "failed_compilation": [
    "Prob001_zero",
    "Prob002_m2014_q4i",
    "Prob004_vector2",
    "Prob006_vectorr",
    "Prob007_wire",
    "Prob008_m2014_q4h",
    "Prob010_mt2015_q4a",
    "Prob011_norgate",
    "Prob012_xnorgate",
    "Prob013_m2014_q4e",
    "Prob014_andgate",
    "Prob015_vector1",
    "Prob017_mux2to1v",
    "Prob018_mux256to1",
    "Prob019_m2014_q4f",
    "Prob021_mux256to1v",
    "Prob022_mux2to1",
    "Prob025_reduction",
    "Prob026_alwaysblock1",
    "Prob028_m2014_q4a",
    "Prob029_m2014_q4g",
    "Prob031_dff",
    "Prob034_dff8",
    "Prob036_ringer",
    "Prob041_dff8r",
    "Prob042_vector4",
    "Prob047_dff8ar",
    "Prob048_m2014_q4c",
    "Prob049_m2014_q4b",
    "Prob050_kmap1",
    "Prob053_m2014_q4d",
    "Prob057_kmap2",
    "Prob061_2014_q4a",
    "Prob069_truthtable1",
    "Prob070_ece241_2013_q2",
    "Prob074_ece241_2014_q4",
    "Prob083_mt2015_q4b",
    "Prob084_ece241_2013_q12",
    "Prob088_ece241_2014_q5b",
    "Prob089_ece241_2014_q5a",
    "Prob090_circuit1",
    "Prob091_2012_q2b",
    "Prob093_ece241_2014_q3",
    "Prob099_m2014_q6c",
    "Prob102_circuit3",
    "Prob105_rotate100",
    "Prob116_m2014_q3",
    "Prob122_kmap4",
    "Prob124_rule110",
    "Prob128_fsm_ps2",
    "Prob131_mt2015_q4",
    "Prob133_2014_q3fsm",
    "Prob136_m2014_q6",
    "Prob140_fsm_hdlc",
    "Prob142_lemmings2",
    "Prob144_conwaylife",
    "Prob145_circuit8",
    "Prob147_circuit10",
    "Prob148_2013_q2afsm",
    "Prob149_ece241_2013_q4",
    "Prob151_review2015_fsm",
    "Prob152_lemmings3",
    "Prob155_lemmings4",
    "Prob156_review2015_fancytimer"
  ],
  "failed_test": [
    "Prob062_bugs_mux2",
    "Prob066_edgecapture",
    "Prob082_lfsr32",
    "Prob086_lfsr5",
    "Prob101_circuit4",
    "Prob103_circuit2",
    "Prob104_mt2015_muxdff",
    "Prob112_always_case2",
    "Prob113_2012_q1g",
    "Prob125_kmap3",
    "Prob134_2014_q3c",
    "Prob135_m2014_q6b",
    "Prob137_fsm_serial",
    "Prob139_2013_q2bfsm",
    "Prob146_fsm_serialdata",
    "Prob150_review2015_fsmonehot"
  ],
  "skipped_static_analysis": [],
  "compile_rate": 58.97435897435898,
  "pass_rate": 48.717948717948715
}